{
    "machine": "alloy_furnace",
    "registryName": "alloy_furnace_diamond",
    "recipeTime": 5,
    "requirements": [
        {
            "type": "energy",
            "io-type": "input",
            "energyPerTick": 100
        },
        {
            "type": "item",
            "io-type": "output",
            "item": "minecraft:diamond",
            "amount": 1
        },
        {
            "type": "item",
            "io-type": "input",
            "item": "minecraft:coal",
            "amount": 32
        },
        {
            "type": "item",
            "io-type": "input",
            "item": "minecraft:tnt",
            "amount": 8
        }
    ]
}