{
    "machine": "iron_centrifuge",
    "registryName": "iron_centrifuge_centrifuge_magma_cream",
    "recipeTime": 60,
    "requirements": [
        {
            "type": "energy",
            "io-type": "input",
            "energyPerTick": 16
        },
        {
            "type": "item",
            "io-type": "output",
            "item": "minecraft:slime_ball",
            "amount": 1,
            "chance": 0.95
        },
        {
            "type": "item",
            "io-type": "output",
            "item": "minecraft:blaze_powder",
            "amount": 1,
            "chance": 0.95
        },
        {
            "type": "item",
            "io-type": "input",
            "item": "minecraft:magma_cream",
            "amount": 1
        }
    ]
}